,0
0,Aaron_Smith_Dancin_KRONO_Remix_Lyrics_resampled.mp3
1,Amy Macdonald - This Is The Life_resampled.mp3
2,Avicii - The Nights_resampled.mp3
3,Avicii - Wake Me Up_resampled.mp3
4,BoyWithUke_Toxic_Official_Lyric_Video__resampled.mp3
5,Breathless___Shankar_Mahadevan___Javed_Akhtar___Of_resampled.mp3
6,CHANYEOL_Punch_Stay_With_Me_Lyrics_easy_lyrics_resampled.mp3
7,Chase Atlantic - Friends_resampled.mp3
8,Chase Atlantic - Swim_resampled.mp3
9,Coldplay_Something_Just_Like_This_resampled.mp3
10,Ed Sheeran - Shape Of You_resampled.mp3
11,Fenris&Revered - Shore_resampled.mp3
12,Israeli_song_Someone_israeli_hebrew_songs_and_resampled.mp3
13,José González - Heartbeats_resampled.mp3
14,José González - Line Of Fire_resampled.mp3
15,José González - With The Ink Of A Ghost_resampled.mp3
16,Lilly Wood & the Prick - Prayer In C_resampled.mp3
17,Meiko - Leave The Lights On_resampled.mp3
18,Nathan Goshen - Thinking About It_resampled.mp3
19,Old Sea Brigade - Day By Day_resampled.mp3
20,One Republic - Counting Stars_resampled.mp3
21,Rag'n'Bone Man - Human_resampled.mp3
22,Rag'n'Bone Man - Lay My Body Down_resampled.mp3
23,SHAED ft. Zayn - Trampoline_resampled.mp3
24,Stromae_Papaoutai_resampled.mp3
25,The_Weeknd_Blinding_Lights_resampled.mp3
26,Tujhse_Naraz_Nahi_Zindagi___Sanam_resampled.mp3
27,Tum Hi Ho.mp3
